{
    "0": {
        "0": 0.2,
        "1": 0.1,
        "2": 0.1,
        "3": 0.1,
        "4": 0.2,
        "5": 0.1,
        "6": 0.1,
        "7": 0.1
    },
    "1": {
        "19": 0.18181818181818182,
        "21": 0.09090909090909091,
        "22": 0.09090909090909091,
        "23": 0.09090909090909091,
        "24": 0.09090909090909091,
        "25": 0.09090909090909091,
        "5": 0.18181818181818182,
        "15": 0.18181818181818182
    },
    "2": {
        "15": 0.15384615384615385,
        "13": 0.07692307692307693,
        "14": 0.07692307692307693,
        "16": 0.15384615384615385,
        "20": 0.07692307692307693,
        "22": 0.15384615384615385,
        "34": 0.07692307692307693,
        "0": 0.07692307692307693,
        "5": 0.07692307692307693,
        "28": 0.07692307692307693
    },
    "3": {
        "51": 0.125,
        "5": 0.375,
        "34": 0.125,
        "28": 0.125,
        "50": 0.125,
        "2": 0.125
    },
    "5": {
        "2": 0.0625,
        "5": 0.125,
        "37": 0.0625,
        "23": 0.125,
        "59": 0.0625,
        "48": 0.0625,
        "31": 0.0625,
        "22": 0.1875,
        "52": 0.0625,
        "17": 0.0625,
        "32": 0.0625,
        "14": 0.0625
    },
    "6": {
        "22": 0.25,
        "63": 0.25,
        "16": 0.25,
        "10": 0.25
    },
    "7": {
        "65": 0.14285714285714285,
        "2": 0.07142857142857142,
        "66": 0.07142857142857142,
        "7": 0.07142857142857142,
        "68": 0.07142857142857142,
        "4": 0.07142857142857142,
        "5": 0.21428571428571427,
        "43": 0.07142857142857142,
        "17": 0.07142857142857142,
        "34": 0.07142857142857142,
        "0": 0.07142857142857142
    },
    "8": {
        "26": 0.14285714285714285,
        "71": 0.14285714285714285,
        "72": 0.14285714285714285,
        "28": 0.14285714285714285,
        "5": 0.2857142857142857,
        "1": 0.14285714285714285
    },
    "9": {
        "75": 0.05555555555555555,
        "5": 0.1111111111111111,
        "7": 0.1111111111111111,
        "3": 0.05555555555555555,
        "14": 0.1111111111111111,
        "60": 0.05555555555555555,
        "4": 0.05555555555555555,
        "0": 0.1111111111111111,
        "12": 0.05555555555555555,
        "28": 0.1111111111111111,
        "77": 0.05555555555555555,
        "51": 0.05555555555555555,
        "15": 0.05555555555555555
    },
    "10": {
        "0": 0.3333333333333333,
        "65": 0.3333333333333333,
        "60": 0.3333333333333333
    },
    "11": {
        "22": 0.25,
        "5": 0.25,
        "28": 0.25,
        "16": 0.25
    },
    "12": {
        "12": 0.25,
        "5": 0.25,
        "88": 0.25,
        "89": 0.25
    },
    "13": {
        "22": 0.18181818181818182,
        "69": 0.09090909090909091,
        "93": 0.09090909090909091,
        "0": 0.09090909090909091,
        "94": 0.09090909090909091,
        "95": 0.09090909090909091,
        "48": 0.09090909090909091,
        "11": 0.09090909090909091,
        "20": 0.09090909090909091,
        "28": 0.09090909090909091
    },
    "15": {
        "7": 0.3333333333333333,
        "2": 0.6666666666666666
    },
    "17": {
        "88": 1.0
    },
    "18": {
        "15": 0.2,
        "20": 0.2,
        "12": 0.2,
        "14": 0.2,
        "5": 0.2
    },
    "20": {
        "14": 0.25,
        "5": 0.25,
        "28": 0.25,
        "63": 0.25
    },
    "22": {
        "15": 0.2222222222222222,
        "72": 0.1111111111111111,
        "17": 0.1111111111111111,
        "8": 0.1111111111111111,
        "110": 0.1111111111111111,
        "28": 0.1111111111111111,
        "23": 0.1111111111111111,
        "14": 0.1111111111111111
    },
    "23": {
        "5": 0.2222222222222222,
        "28": 0.1111111111111111,
        "114": 0.1111111111111111,
        "8": 0.1111111111111111,
        "115": 0.1111111111111111,
        "100": 0.1111111111111111,
        "113": 0.1111111111111111,
        "92": 0.1111111111111111
    },
    "24": {
        "52": 0.5,
        "0": 0.5
    },
    "25": {
        "60": 0.14285714285714285,
        "4": 0.14285714285714285,
        "116": 0.14285714285714285,
        "2": 0.2857142857142857,
        "5": 0.2857142857142857
    },
    "26": {
        "5": 0.42857142857142855,
        "48": 0.14285714285714285,
        "17": 0.2857142857142857,
        "14": 0.14285714285714285
    },
    "27": {
        "23": 0.2,
        "48": 0.2,
        "46": 0.2,
        "50": 0.2,
        "15": 0.2
    },
    "28": {
        "109": 0.07692307692307693,
        "8": 0.07692307692307693,
        "105": 0.07692307692307693,
        "10": 0.07692307692307693,
        "118": 0.07692307692307693,
        "41": 0.07692307692307693,
        "119": 0.07692307692307693,
        "43": 0.15384615384615385,
        "44": 0.07692307692307693,
        "5": 0.07692307692307693,
        "17": 0.07692307692307693,
        "15": 0.07692307692307693
    },
    "29": {
        "24": 0.16666666666666666,
        "4": 0.16666666666666666,
        "5": 0.16666666666666666,
        "93": 0.16666666666666666,
        "121": 0.16666666666666666,
        "15": 0.16666666666666666
    },
    "30": {
        "5": 0.14285714285714285,
        "12": 0.14285714285714285,
        "10": 0.14285714285714285,
        "29": 0.14285714285714285,
        "22": 0.2857142857142857,
        "14": 0.14285714285714285
    },
    "31": {
        "16": 0.5,
        "66": 0.25,
        "5": 0.25
    },
    "32": {
        "70": 0.3333333333333333,
        "124": 0.3333333333333333,
        "11": 0.3333333333333333
    },
    "33": {
        "43": 0.3333333333333333,
        "0": 0.3333333333333333,
        "2": 0.3333333333333333
    },
    "34": {
        "22": 0.25,
        "5": 0.5,
        "86": 0.25
    },
    "35": {
        "2": 0.5,
        "5": 0.5
    },
    "36": {
        "5": 0.5,
        "2": 0.5
    },
    "37": {
        "27": 0.25,
        "5": 0.5,
        "14": 0.25
    },
    "38": {
        "28": 0.5,
        "4": 0.5
    },
    "39": {
        "2": 0.16666666666666666,
        "129": 0.16666666666666666,
        "66": 0.16666666666666666,
        "5": 0.16666666666666666,
        "22": 0.16666666666666666,
        "28": 0.16666666666666666
    },
    "40": {
        "132": 0.25,
        "17": 0.25,
        "2": 0.25,
        "4": 0.25
    },
    "41": {
        "23": 0.5,
        "5": 0.5
    },
    "43": {
        "17": 0.125,
        "22": 0.125,
        "11": 0.125,
        "94": 0.125,
        "24": 0.125,
        "48": 0.125,
        "10": 0.125,
        "5": 0.125
    },
    "44": {
        "28": 0.5,
        "5": 0.5
    },
    "46": {
        "101": 0.3333333333333333,
        "5": 0.3333333333333333,
        "10": 0.3333333333333333
    },
    "47": {
        "22": 0.5,
        "5": 0.5
    },
    "48": {
        "22": 0.25,
        "23": 0.25,
        "13": 0.25,
        "5": 0.25
    },
    "50": {
        "5": 0.5,
        "2": 0.5
    },
    "57": {
        "22": 0.3333333333333333,
        "0": 0.6666666666666666
    },
    "58": {
        "7": 0.3333333333333333,
        "22": 0.3333333333333333,
        "5": 0.3333333333333333
    },
    "61": {
        "75": 0.25,
        "1": 0.25,
        "82": 0.25,
        "2": 0.25
    },
    "63": {
        "69": 0.2,
        "52": 0.2,
        "28": 0.2,
        "72": 0.2,
        "5": 0.2
    },
    "64": {
        "2": 0.2,
        "12": 0.2,
        "70": 0.2,
        "139": 0.2,
        "5": 0.2
    },
    "65": {
        "69": 0.3333333333333333,
        "5": 0.6666666666666666
    },
    "66": {
        "17": 0.25,
        "38": 0.25,